{"stats":{"minecraft:killed":{"born_in_chaos_v1:zombie_lumberjack":1,"enemyexpansion:vampbiter":1,"minecraft:spider":2,"enemyexpansion:direwolf":1,"undead_revamp2:theswarmer":2,"born_in_chaos_v1:maggot":5,"minecraft:bee":1,"undead_revamp2:sucker":1,"born_in_chaos_v1:diamond_termite":5,"earthmobsmod:lobber_zombie":1,"minecraft:creeper":1,"born_in_chaos_v1:decrepit_skeleton":1,"minecraft:zombie":1,"iceandfire:ghost":3,"born_in_chaos_v1:door_knight":1,"enemyexpansion:slugger":1},"minecraft:killed_by":{"born_in_chaos_v1:fallen_chaos_knight":1},"minecraft:custom":{"minecraft:interact_with_smithing_table":4,"minecraft:mob_kills":29,"minecraft:interact_with_crafting_table":28,"minecraft:open_barrel":7,"minecraft:damage_dealt_resisted":528,"minecraft:leave_game":8,"minecraft:time_since_death":102723,"minecraft:climb_one_cm":1513,"minecraft:sprint_one_cm":171499,"minecraft:walk_one_cm":439484,"minecraft:damage_blocked_by_shield":525,"minecraft:drop":16,"minecraft:talked_to_villager":5,"minecraft:play_time":111806,"minecraft:deaths":1,"minecraft:sneak_time":10469,"minecraft:walk_under_water_one_cm":749,"minecraft:jump":1331,"minecraft:interact_with_blast_furnace":2,"minecraft:walk_on_water_one_cm":1699,"minecraft:total_world_time":111806,"minecraft:interact_with_furnace":47,"minecraft:time_since_rest":100324,"minecraft:damage_taken":1892,"minecraft:damage_absorbed":80,"minecraft:trigger_trapped_chest":2,"minecraft:damage_dealt":5566,"minecraft:swim_one_cm":1913,"minecraft:fly_one_cm":143135,"minecraft:open_chest":18,"minecraft:crouch_one_cm":25017,"tombstone:undead_killed":13,"minecraft:interact_with_smoker":2,"minecraft:fall_one_cm":23590},"minecraft:picked_up":{"luminousworld:groundpebbles_1":1,"minecraft:charcoal":2,"born_in_chaos_v1:diamond_termite_shard":5,"minecraft:crafting_table":4,"minecraft:wheat":1,"luminousworld:decorative_brown_2":1,"minecraft:oak_stairs":2,"minecraft:wither_rose":2,"minecraft:brewing_stand":1,"born_in_chaos_v1:black_argillite":2,"minecraft:string":24,"minecraft:iron_shovel":1,"minecraft:experience_bottle":1,"minecraft:oak_sign":1,"iceandfire:graveyard_soil":2,"minecraft:gold_nugget":144,"minecraft:rose_bush":2,"minecraft:poppy":1,"minecraft:iron_pickaxe":1,"minecraft:lectern":1,"minecraft:sugar_cane":14,"minecraft:furnace":4,"minecraft:raw_iron":102,"luminousworld:spuds":1,"iceandfire:ghost_chest":1,"minecraft:copper_ingot":1,"minecraft:torch":2,"minecraft:acacia_log":1,"tombstone:grave_dust":1,"minecraft:diorite":5,"born_in_chaos_v1:pieceofdarkmetal":2,"minecraft:redstone":2,"minecraft:stone_sword":1,"minecraft:rotten_flesh":20,"minecraft:hay_block":13,"minecraft:iron_block":4,"minecraft:gold_ingot":2,"supplementaries:ash":18,"minecraft:cobblestone":292,"minecraft:rail":2,"born_in_chaos_v1:corpse_maggot":3,"iceandfire:sapphire_gem":2,"minecraft:andesite":19,"luminousworld:ishstone":13,"minecraft:oak_log":2,"supplementaries:flax_seeds":1,"minecraft:gunpowder":1,"minecraft:lapis_lazuli":2,"minecraft:dirt":59,"minecraft:lantern":3,"minecraft:bone":13,"minecraft:wheat_seeds":6,"minecraft:raw_gold":2,"minecraft:stone_pickaxe":1,"minecraft:iron_ingot":5,"minecraft:cobweb":20,"minecraft:oak_planks":5,"minecraft:honeycomb":3,"minecraft:book":63,"quark:shale":3,"minecraft:gravel":1,"minecraft:spruce_log":26,"iceandfire:lectern":1,"undead_revamp2:beespheromones":1,"luminousworld:blueberry":39,"minecraft:granite":44,"minecraft:emerald":10,"tombstone:magic_scroll":1,"minecraft:coal":85,"iceandfire:raw_silver":32},"minecraft:broken":{"minecraft:stone_pickaxe":2},"minecraft:used":{"luminousworld:spuds":1,"minecraft:iron_shovel":59,"minecraft:stone_sword":4,"iceandfire:silver_sword":87,"minecraft:shield":19,"minecraft:iron_sword":66,"minecraft:rotten_flesh":3,"minecraft:iron_chestplate":1,"minecraft:torch":97,"luminousworld:decorative_brown_2":1,"minecraft:dirt":16,"minecraft:granite":17,"luminousworld:blueberry":26,"minecraft:iron_axe":45,"minecraft:furnace":4,"tombstone:gift":1,"minecraft:stone_pickaxe":338,"minecraft:wooden_pickaxe":13,"minecraft:golden_apple":3,"minecraft:crafting_table":4,"minecraft:shears":20,"minecraft:bread":5,"minecraft:iron_pickaxe":218,"minecraft:stone_axe":7,"iceandfire:silver_hoe":42,"minecraft:cobblestone":89,"alexsmobs:animal_dictionary":2},"minecraft:mined":{"luminousworld:groundpebbles_1":1,"iceandfire:graveyard_soil":9,"iceandfire:silver_ore":32,"quark:shale":3,"luminousworld:grassvariant_4":1,"minecraft:brewing_stand":1,"born_in_chaos_v1:infected_diamond_ore":1,"minecraft:granite":44,"minecraft:grass_block":2,"born_in_chaos_v1:dark_metal_deposit":1,"born_in_chaos_v1:black_argillite":2,"iceandfire:lectern":1,"minecraft:redstone_wire":1,"minecraft:spruce_leaves":5,"minecraft:hay_block":13,"minecraft:furnace":4,"minecraft:iron_ore":77,"minecraft:fire":5,"minecraft:andesite":19,"minecraft:sculk_shrieker":1,"minecraft:bookshelf":22,"iceandfire:gold_pile":24,"minecraft:oak_stairs":2,"minecraft:stone":292,"luminousworld:decorative_brown_2":1,"minecraft:iron_block":4,"luminousworld:blueberrystage_0":3,"luminousworld:blueberrybush":2,"minecraft:crafting_table":4,"iceandfire:ghost_chest":1,"luminousworld:spuds":2,"minecraft:rose_bush":1,"minecraft:sculk_sensor":1,"minecraft:lectern":1,"minecraft:campfire":1,"iceandfire:sapphire_ore":2,"minecraft:tall_grass":1,"minecraft:cobblestone":11,"minecraft:sugar_cane":7,"minecraft:oak_planks":4,"minecraft:sculk":14,"minecraft:diorite":6,"supplementaries:urn":9,"minecraft:spruce_log":24,"minecraft:wither_rose":2,"minecraft:grass":24,"minecraft:coal_ore":40,"luminousworld:ishstone":16,"minecraft:gravel":2,"minecraft:dirt":58,"minecraft:cobweb":44,"minecraft:stone_bricks":1,"minecraft:gold_ore":2},"minecraft:crafted":{"minecraft:furnace":2,"minecraft:iron_axe":1,"minecraft:stone_pickaxe":3,"sophisticatedbackpacks:iron_backpack":2,"minecraft:wheat":117,"iceandfire:silver_ingot":7,"minecraft:crafting_table":1,"minecraft:spruce_planks":52,"minecraft:wooden_pickaxe":1,"minecraft:iron_sword":1,"minecraft:stone_axe":1,"minecraft:bread":39,"minecraft:air":0,"minecraft:white_wool":3,"minecraft:iron_chestplate":1,"minecraft:golden_apple":1,"minecraft:shield":1,"minecraft:stick":28,"minecraft:iron_ingot":41,"minecraft:iron_pickaxe":1,"minecraft:stone_sword":1,"minecraft:iron_leggings":1,"minecraft:gold_ingot":12,"minecraft:torch":36,"iceandfire:silver_sword":1,"minecraft:shears":1,"iceandfire:silver_hoe":1},"minecraft:dropped":{"minecraft:wheat_seeds":1,"minecraft:copper_ingot":1,"minecraft:acacia_log":1,"born_in_chaos_v1:black_argillite":2,"minecraft:rose_bush":2,"minecraft:oak_stairs":2,"minecraft:stone_sword":2,"minecraft:rotten_flesh":7,"minecraft:oak_sign":1,"luminousworld:groundpebbles_1":1,"minecraft:wooden_pickaxe":1,"minecraft:stone_pickaxe":2}},"DataVersion":3465}