{"stats":{"minecraft:killed":{"luminousworld:firefly":1,"minecraft:spider":1,"iceandfire:ghost":1,"born_in_chaos_v1:corpse_fly":2},"minecraft:killed_by":{"iceandfire:ghost":3,"born_in_chaos_v1:fallen_chaos_knight":1},"minecraft:custom":{"minecraft:interact_with_furnace":15,"minecraft:mob_kills":12,"minecraft:animals_bred":2,"minecraft:interact_with_crafting_table":4,"minecraft:bell_ring":1,"minecraft:damage_dealt_resisted":364,"minecraft:leave_game":2,"minecraft:time_since_death":12619,"minecraft:sleep_in_bed":1,"minecraft:time_since_rest":464,"minecraft:sprint_one_cm":169423,"minecraft:damage_taken":1643,"minecraft:walk_one_cm":364935,"minecraft:drop":9,"minecraft:damage_dealt":1144,"minecraft:fly_one_cm":54469,"minecraft:open_chest":2,"minecraft:crouch_one_cm":1424,"minecraft:deaths":4,"minecraft:play_time":79278,"tombstone:undead_killed":1,"minecraft:sneak_time":916,"minecraft:walk_under_water_one_cm":3246,"minecraft:jump":989,"minecraft:walk_on_water_one_cm":2051,"minecraft:total_world_time":79278,"minecraft:fall_one_cm":8871,"minecraft:horse_one_cm":9690},"minecraft:picked_up":{"luminousworld:groundpebbles_1":1,"minecraft:crafting_table":1,"minecraft:coarse_dirt":1,"minecraft:wheat":2,"luminousworld:decorative_brown_2":2,"minecraft:wooden_pickaxe":1,"tombstone:grave_key":1,"minecraft:string":2,"minecraft:dirt":13,"minecraft:bone":15,"minecraft:wheat_seeds":3,"minecraft:rose_bush":1,"minecraft:furnace":1,"minecraft:sweet_berries":57,"minecraft:torch":1,"minecraft:spruce_log":7,"born_in_chaos_v1:fried_maggot":3,"minecraft:arrow":3,"minecraft:purple_bed":1,"minecraft:rotten_flesh":54,"luminousworld:yellow_grassflowers":3,"luminousworld:blueberry":1,"minecraft:coal":5,"minecraft:white_wool":1,"minecraft:cobblestone":68},"minecraft:broken":{"minecraft:wooden_axe":1,"minecraft:wooden_pickaxe":1},"minecraft:used":{"minecraft:cooked_mutton":2,"minecraft:stone_pickaxe":33,"minecraft:wooden_pickaxe":45,"born_in_chaos_v1:fried_maggot":3,"minecraft:torch":7,"minecraft:dirt":13,"minecraft:crafting_table":2,"minecraft:wooden_axe":34,"minecraft:stone_axe":24,"minecraft:cobblestone":23,"minecraft:purple_bed":1,"minecraft:sweet_berries":37,"minecraft:cooked_porkchop":2,"tombstone:gift":1,"alexsmobs:animal_dictionary":1},"minecraft:mined":{"luminousworld:groundpebbles_1":1,"luminousworld:grassvariant_4":1,"luminousworld:blueberrybush":5,"minecraft:crafting_table":1,"luminousworld:mossbuds_2":2,"minecraft:grass_block":7,"minecraft:tall_grass":1,"minecraft:cobblestone":13,"minecraft:large_fern":1,"minecraft:coarse_dirt":1,"minecraft:furnace":1,"luminousworld:yellow_grassflowers":2,"minecraft:sweet_berry_bush":20,"minecraft:spruce_log":7,"minecraft:grass":5,"minecraft:coal_ore":4,"minecraft:dirt":10,"luminousworld:grassvariant_3":1,"luminousworld:decorative_brown_2":2,"minecraft:stone":50,"minecraft:white_wool":1,"minecraft:fern":3},"minecraft:dropped":{"minecraft:rotten_flesh":54,"tombstone:grave_key":1,"minecraft:string":2,"minecraft:white_wool":1},"minecraft:crafted":{"minecraft:cooked_beef":2,"minecraft:cooked_porkchop":6,"minecraft:crafting_table":2,"minecraft:spruce_planks":28,"minecraft:wooden_pickaxe":1,"minecraft:stone_axe":1,"minecraft:cooked_mutton":3,"minecraft:air":0,"minecraft:stick":12,"minecraft:stone_pickaxe":1,"minecraft:wooden_axe":1,"minecraft:torch":12}},"DataVersion":3465}