{"stats":{"minecraft:custom":{"minecraft:mob_kills":47,"minecraft:interact_with_crafting_table":18,"minecraft:open_barrel":3,"minecraft:damage_dealt_resisted":52,"minecraft:leave_game":5,"minecraft:time_since_death":22142,"minecraft:sprint_one_cm":349222,"minecraft:walk_one_cm":305399,"minecraft:damage_blocked_by_shield":569,"minecraft:drop":21,"minecraft:talked_to_villager":3,"minecraft:play_time":121192,"minecraft:deaths":4,"minecraft:sneak_time":1346,"minecraft:walk_under_water_one_cm":11550,"minecraft:jump":3106,"minecraft:walk_on_water_one_cm":13951,"minecraft:total_world_time":121192,"minecraft:interact_with_furnace":63,"minecraft:time_since_rest":20554,"minecraft:damage_taken":3192,"tombstone:sneak_grave":18,"minecraft:trigger_trapped_chest":4,"minecraft:damage_dealt":8022,"minecraft:swim_one_cm":40833,"minecraft:fly_one_cm":630316,"minecraft:open_chest":4,"minecraft:crouch_one_cm":3539,"tombstone:undead_killed":9,"minecraft:fall_one_cm":82933,"minecraft:horse_one_cm":82994},"minecraft:picked_up":{"minecraft:crafting_table":3,"minecraft:coarse_dirt":3,"minecraft:chicken":1,"minecraft:flower_pot":1,"friendsandfoes:totem_of_illusion":1,"minecraft:potion":1,"minecraft:string":7,"minecraft:spruce_planks":11,"minecraft:beef":12,"minecraft:rose_bush":1,"minecraft:spruce_slab":6,"minecraft:furnace":8,"minecraft:raw_iron":9,"minecraft:stick":2,"luminousworld:auburnlog":7,"minecraft:torch":1,"minecraft:porkchop":16,"tombstone:grave_dust":1,"minecraft:arrow":2,"minecraft:rotten_flesh":64,"luminousworld:yellow_grassflowers":1,"supplementaries:ash":1,"minecraft:mutton":13,"minecraft:white_wool":5,"minecraft:cobblestone":167,"born_in_chaos_v1:corpse_maggot":5,"minecraft:glow_ink_sac":7,"minecraft:brown_wool":7,"minecraft:leather":3,"minecraft:potato":1,"minecraft:chainmail_chestplate":1,"undead_revamp2:huntereye":1,"minecraft:blue_bed":1,"minecraft:dirt":17,"minecraft:cooked_mutton":1,"minecraft:bone":3,"minecraft:stone_bricks":1,"minecraft:wheat_seeds":1,"minecraft:rabbit_hide":1,"minecraft:iron_ingot":1,"minecraft:rabbit":1,"minecraft:sweet_berries":15,"minecraft:pumpkin":1,"minecraft:spruce_sapling":3,"minecraft:spruce_log":13,"minecraft:purple_bed":1,"minecraft:painting":2,"minecraft:emerald":2,"minecraft:chainmail_helmet":1,"minecraft:coal":206},"minecraft:used":{"minecraft:stone_sword":133,"iceandfire:silver_sword":99,"minecraft:spruce_planks":3,"minecraft:shield":21,"born_in_chaos_v1:fried_maggot":2,"minecraft:cooked_chicken":1,"minecraft:rotten_flesh":7,"minecraft:torch":2,"minecraft:dirt":6,"minecraft:iron_axe":11,"undead_revamp2:huntereye":1,"minecraft:sweet_berries":7,"minecraft:furnace":9,"tombstone:gift":2,"minecraft:cooked_beef":10,"minecraft:cooked_mutton":4,"minecraft:stone_pickaxe":117,"minecraft:baked_potato":1,"minecraft:wooden_pickaxe":17,"minecraft:blue_bed":1,"minecraft:white_wool":1,"minecraft:crafting_table":7,"minecraft:bread":9,"minecraft:iron_pickaxe":92,"minecraft:stone_axe":10,"minecraft:cobblestone":94,"minecraft:cooked_porkchop":8,"minecraft:cooked_rabbit":1,"alexsmobs:animal_dictionary":1},"minecraft:killed":{"minecraft:spider":1,"enemyexpansion:direwolf":2,"born_in_chaos_v1:maggot":3,"minecraft:skeleton":1,"minecraft:chicken":1,"luminousworld:monarch":1,"luminousworld:firefly":1,"minecraft:pig":9,"minecraft:rabbit":1,"earthmobsmod:wooly_cow":6,"born_in_chaos_v1:decrepit_skeleton":1,"minecraft:sheep":5,"minecraft:zombie":4,"iceandfire:ghost":2,"born_in_chaos_v1:corpse_fly":4,"enemyexpansion:slugger":1},"minecraft:dropped":{"minecraft:wheat_seeds":1,"minecraft:glow_ink_sac":3,"born_in_chaos_v1:fried_maggot":3,"minecraft:cobblestone":11,"minecraft:rose_bush":1,"minecraft:bone":13,"minecraft:sweet_berries":10,"minecraft:coarse_dirt":1,"minecraft:rotten_flesh":54,"luminousworld:yellow_grassflowers":1,"minecraft:purple_bed":1,"minecraft:arrow":1,"minecraft:wooden_pickaxe":1},"minecraft:killed_by":{"enemyexpansion:slugger":1,"minecraft:skeleton":1,"born_in_chaos_v1:corpse_fish":1,"iceandfire:ghost":1},"minecraft:mined":{"minecraft:mossy_cobblestone":1,"luminousworld:grassvariant_4":1,"luminousworld:mossbuds_1":2,"minecraft:potted_dead_bush":1,"luminousworld:mossbuds_2":7,"minecraft:grass_block":3,"luminousworld:blackberrybush":8,"minecraft:spruce_leaves":19,"minecraft:large_fern":7,"minecraft:furnace":8,"luminousworld:yellow_grassflowers":1,"minecraft:iron_ore":9,"minecraft:pumpkin":1,"minecraft:vine":1,"minecraft:stone":124,"minecraft:spruce_slab":3,"minecraft:podzol":1,"minecraft:brown_mushroom":1,"luminousworld:blueberrybush":4,"minecraft:crafting_table":3,"minecraft:dead_bush":1,"minecraft:rose_bush":1,"luminousworld:auburnlog":7,"minecraft:tall_grass":1,"minecraft:cobblestone":37,"minecraft:blue_bed":1,"minecraft:purple_bed":1,"minecraft:coarse_dirt":2,"minecraft:sweet_berry_bush":6,"minecraft:spruce_log":13,"minecraft:grass":3,"minecraft:coal_ore":39,"minecraft:dirt":13,"luminousworld:grassvariant_3":1,"minecraft:cobweb":3,"minecraft:stone_bricks":1,"minecraft:oak_leaves":3,"minecraft:infested_stone":1,"minecraft:fern":6},"minecraft:crafted":{"minecraft:cooked_chicken":1,"minecraft:furnace":2,"minecraft:cooked_mutton":3,"minecraft:iron_axe":1,"born_in_chaos_v1:fried_maggot":5,"minecraft:stone_pickaxe":1,"minecraft:cooked_rabbit":1,"minecraft:cooked_beef":10,"luminousworld:autumnplank":28,"minecraft:cooked_porkchop":8,"minecraft:crafting_table":4,"minecraft:spruce_planks":52,"minecraft:wooden_pickaxe":1,"minecraft:baked_potato":1,"minecraft:stone_axe":1,"minecraft:air":0,"minecraft:shield":1,"minecraft:stick":16,"minecraft:iron_ingot":9,"minecraft:iron_pickaxe":1,"minecraft:stone_sword":1,"minecraft:torch":12,"iceandfire:silver_sword":1},"minecraft:broken":{"minecraft:stone_sword":1}},"DataVersion":3465}